gpus,precision,per_gpu_peak_tflops,aggregate_tflops,gpus_reporting
1,fp4,"gpu42583=3975.67",3975.67,1
1,fp6,"gpu42583=1238.05",1238.05,1
1,bf6,"gpu42583=1238.56",1238.56,1
1,fp8,"gpu42583=3564.06",3564.06,1
1,bf8,"gpu42583=3220.37",3220.37,1
1,fp16,"gpu42583=1521.82",1521.82,1
1,bf16,"gpu42583=1627.98",1627.98,1
1,fp32,"gpu42583=152.82",152.82,1
1,fp64,"gpu42583=76.62",76.62,1
2,fp4,"gpu27226=3949.18;gpu42583=3952.36",7901.55,2
2,fp6,"gpu27226=1237.51;gpu42583=1238.32",2475.82,2
2,bf6,"gpu27226=1236.87;gpu42583=1238.13",2475.00,2
2,fp8,"gpu27226=3683.46;gpu42583=3689.64",7373.09,2
2,bf8,"gpu27226=3180.26;gpu42583=3291.95",6472.21,2
2,fp16,"gpu27226=1527.60;gpu42583=1534.56",3062.16,2
2,bf16,"gpu27226=1637.40;gpu42583=1650.92",3288.31,2
2,fp32,"gpu27226=153.77;gpu42583=153.03",306.80,2
2,fp64,"gpu27226=76.78;gpu42583=76.67",153.44,2
3,fp4,"gpu27226=3544.44;gpu36479=3933.78;gpu42583=3546.32",11024.54,3
3,fp6,"gpu27226=1238.81;gpu36479=1240.43;gpu42583=1238.27",3717.51,3
3,bf6,"gpu27226=1236.99;gpu36479=1241.97;gpu42583=1237.59",3716.55,3
3,fp8,"gpu27226=3604.96;gpu36479=3683.46;gpu42583=3652.86",10941.27,3
3,bf8,"gpu27226=3352.17;gpu36479=3282.12;gpu42583=3306.80",9941.09,3
3,fp16,"gpu27226=1529.00;gpu36479=1531.35;gpu42583=1532.42",4592.77,3
3,bf16,"gpu27226=1669.72;gpu36479=1635.19;gpu42583=1630.12",4935.02,3
3,fp32,"gpu27226=153.40;gpu36479=153.72;gpu42583=152.87",459.98,3
3,fp64,"gpu27226=76.75;gpu36479=77.06;gpu42583=76.66",230.46,3
4,fp4,"gpu17010=3504.01;gpu27226=3652.28;gpu36479=3920.13;gpu42583=3913.92",14990.34,4
4,fp6,"gpu17010=1239.18;gpu27226=1237.36;gpu36479=1240.07;gpu42583=1239.54",4956.15,4
4,bf6,"gpu17010=1240.09;gpu27226=1237.38;gpu36479=1240.35;gpu42583=1235.49",4953.32,4
4,fp8,"gpu17010=3671.16;gpu27226=3593.18;gpu36479=3646.80;gpu42583=3529.73",14440.87,4
4,bf8,"gpu17010=3393.55;gpu27226=3214.95;gpu36479=3352.17;gpu42583=3248.19",13208.86,4
4,fp16,"gpu17010=1548.24;gpu27226=1548.61;gpu36479=1539.93;gpu42583=1513.44",6150.21,4
4,bf16,"gpu17010=1659.64;gpu27226=1635.84;gpu36479=1636.05;gpu42583=1631.32",6562.85,4
4,fp32,"gpu17010=154.21;gpu27226=153.33;gpu36479=153.72;gpu42583=152.87",614.13,4
4,fp64,"gpu17010=77.04;gpu27226=76.78;gpu36479=77.01;gpu42583=76.74",307.57,4
5,fp4,"gpu1590=3029.57;gpu17010=3028.96;gpu27226=1660.65;gpu36479=2868.44;gpu42583=3027.59",13615.21,5
5,fp6,"gpu1590=1238.70;gpu17010=1239.57;gpu27226=1238.16;gpu36479=1240.80;gpu42583=1238.38",6195.61,5
5,bf6,"gpu1590=1238.54;gpu17010=1239.16;gpu27226=1238.16;gpu36479=1241.73;gpu42583=1239.16",6196.74,5
5,fp8,"gpu1590=3546.81;gpu17010=3714.57;gpu27226=3628.75;gpu36479=3628.75;gpu42583=3610.88",18129.75,5
5,bf8,"gpu1590=3262.64;gpu17010=3296.89;gpu27226=3191.61;gpu36479=3227.92;gpu42583=3277.23",16256.30,5
5,fp16,"gpu1590=1511.36;gpu17010=1577.49;gpu27226=1526.51;gpu36479=1558.48;gpu42583=1510.64",7684.48,5
5,bf16,"gpu1590=1608.84;gpu17010=1656.49;gpu27226=1635.68;gpu36479=1626.62;gpu42583=1625.54",8153.17,5
5,fp32,"gpu1590=152.75;gpu17010=154.36;gpu27226=153.51;gpu36479=153.62;gpu42583=152.86",767.09,5
5,fp64,"gpu1590=76.69;gpu17010=77.08;gpu27226=76.74;gpu36479=76.99;gpu42583=76.60",384.11,5
6,fp4,"gpu1590=1643.17;gpu17010=3678.17;gpu27226=3233.86;gpu36479=2520.29;gpu42583=1784.21;gpu51771=3706.72",16566.42,6
6,fp6,"gpu1590=1240.77;gpu17010=1238.92;gpu27226=1238.31;gpu36479=1240.39;gpu42583=1239.20;gpu51771=1238.28",7435.88,6
6,bf6,"gpu1590=1239.96;gpu17010=1239.91;gpu27226=1238.12;gpu36479=1241.72;gpu42583=1239.58;gpu51771=1237.97",7437.27,6
6,fp8,"gpu1590=3501.30;gpu17010=3695.84;gpu27226=3564.06;gpu36479=3528.95;gpu42583=3665.04;gpu51771=3778.39",21733.58,6
6,bf8,"gpu1590=3311.78;gpu17010=3331.85;gpu27226=3182.38;gpu36479=3326.81;gpu42583=3267.49;gpu51771=3295.82",19716.14,6
6,fp16,"gpu1590=1486.80;gpu17010=1546.44;gpu27226=1546.43;gpu36479=1526.89;gpu42583=1509.76;gpu51771=1546.82",9163.14,6
6,bf16,"gpu1590=1608.13;gpu17010=1656.07;gpu27226=1634.96;gpu36479=1626.06;gpu42583=1632.53;gpu51771=1711.30",9869.05,6
6,fp32,"gpu1590=152.57;gpu17010=154.42;gpu27226=153.33;gpu36479=153.69;gpu42583=152.84;gpu51771=153.56",920.42,6
6,fp64,"gpu1590=76.63;gpu17010=77.17;gpu27226=76.71;gpu36479=77.13;gpu42583=76.68;gpu51771=76.85",461.17,6
7,fp4,"gpu1590=3004.13;gpu11806=1763.48;gpu17010=2947.75;gpu27226=2672.79;gpu36479=3095.37;gpu42583=1809.45;gpu51771=1597.31",16890.28,7
7,fp6,"gpu1590=1239.06;gpu11806=1238.75;gpu17010=1166.05;gpu27226=1237.36;gpu36479=1213.75;gpu42583=1240.06;gpu51771=1239.51",8574.54,7
7,bf6,"gpu1590=1239.62;gpu11806=1238.61;gpu17010=1208.75;gpu27226=1236.83;gpu36479=1240.53;gpu42583=1238.77;gpu51771=1239.15",8642.26,7
7,fp8,"gpu1590=3610.88;gpu11806=3604.96;gpu17010=3695.84;gpu27226=3599.06;gpu36479=3587.31;gpu42583=3587.31;gpu51771=3727.16",25412.51,7
7,bf8,"gpu1590=3336.91;gpu11806=3301.84;gpu17010=3383.11;gpu27226=3191.61;gpu36479=3229.11;gpu42583=3214.95;gpu51771=3388.32",23045.85,7
7,fp16,"gpu1590=1485.21;gpu11806=1543.08;gpu17010=1552.98;gpu27226=1527.10;gpu36479=1537.78;gpu42583=1509.28;gpu51771=1548.83",10704.26,7
7,bf16,"gpu1590=1608.65;gpu11806=1647.26;gpu17010=1662.15;gpu27226=1633.68;gpu36479=1631.38;gpu42583=1620.91;gpu51771=1673.21",11477.24,7
7,fp32,"gpu1590=152.57;gpu11806=153.56;gpu17010=154.46;gpu27226=153.50;gpu36479=153.59;gpu42583=152.75;gpu51771=153.36",1073.79,7
7,fp64,"gpu1590=76.66;gpu11806=76.89;gpu17010=77.10;gpu27226=76.70;gpu36479=77.07;gpu42583=76.62;gpu51771=76.77",537.82,7
8,fp4,"gpu1590=3053.23;gpu11806=2149.78;gpu17010=2172.39;gpu27226=1469.23;gpu36479=1535.36;gpu42583=3951.97;gpu51771=1715.43;gpu57875=1685.84",17733.21,8
8,fp6,"gpu1590=1239.48;gpu11806=1237.97;gpu17010=1239.71;gpu27226=1237.12;gpu36479=1240.95;gpu42583=1236.22;gpu51771=1237.89;gpu57875=1240.84",9910.19,8
8,bf6,"gpu1590=1237.28;gpu11806=1238.23;gpu17010=1239.45;gpu27226=1236.94;gpu36479=1241.59;gpu42583=1235.35;gpu51771=1238.75;gpu57875=1241.17",9908.77,8
8,fp8,"gpu1590=3501.63;gpu11806=3562.64;gpu17010=3733.49;gpu27226=3593.18;gpu36479=3665.04;gpu42583=3558.29;gpu51771=3665.04;gpu57875=3537.22",28816.51,8
8,bf8,"gpu1590=3191.61;gpu11806=3316.78;gpu17010=3367.57;gpu27226=3238.62;gpu36479=3331.85;gpu42583=3291.95;gpu51771=3296.89;gpu57875=3388.32",26423.60,8
8,fp16,"gpu1590=1514.48;gpu11806=1543.09;gpu17010=1548.45;gpu27226=1522.62;gpu36479=1570.73;gpu42583=1508.82;gpu51771=1564.03;gpu57875=1529.22",12301.45,8
8,bf16,"gpu1590=1608.25;gpu11806=1647.74;gpu17010=1656.88;gpu27226=1633.35;gpu36479=1626.21;gpu42583=1637.40;gpu51771=1671.44;gpu57875=1632.53",13113.80,8
8,fp32,"gpu1590=152.63;gpu11806=153.59;gpu17010=154.35;gpu27226=153.40;gpu36479=153.84;gpu42583=152.82;gpu51771=153.68;gpu57875=154.31",1228.63,8
8,fp64,"gpu1590=76.64;gpu11806=76.88;gpu17010=77.03;gpu27226=76.69;gpu36479=76.96;gpu42583=76.75;gpu51771=76.74;gpu57875=77.20",614.90,8
