run,max_concurrency,completed,duration,request_throughput,output_throughput,total_token_throughput,mean_ttft_ms,median_ttft_ms,p99_ttft_ms,mean_tpot_ms,median_tpot_ms,p99_tpot_ms,mean_itl_ms,median_itl_ms,p99_itl_ms,total_input_tokens,total_output_tokens,model_id
sweep_20260814_160237,1,10,57.827912910986925,0.1729268703747402,159.3348183632856,317.5456120691354,46.04390460590366,45.83563898631837,51.855897266068496,6.2312629613033526,6.243322996458776,6.2842633694466254,6.225320607985416,6.220388007932343,7.108583001245319,9149,9214,/model
sweep_20260814_160237,2,20,62.135960838000756,0.32187480052241363,301.0334071885874,596.5627552882414,43.79945075052092,36.51027200976387,97.57404946547467,6.582449586326754,6.569312551203998,6.6736945819070606,6.5761687263295725,6.551177997607738,7.974555414402857,18363,18705,/model
sweep_20260814_160237,4,40,63.99200036600814,0.6250781311916539,573.6498279478606,1152.9097321231661,45.315787327854196,42.682970510213636,89.43073609145358,6.699441293636971,6.707078350160003,6.7660151655942755,6.692685785779168,6.643536005867645,8.771333127515387,37068,36709,/model
sweep_20260814_160237,8,80,64.83883224098827,1.2338285134849716,1146.31922616605,2284.1713041583093,50.80945445042744,42.2823324915953,145.29746154061286,6.756988109474649,6.768615236610074,6.818838192417336,6.750137297822257,6.630716001382098,11.706791257893201,73777,74326,/model
sweep_20260814_160237,16,160,67.11614303200622,2.383927215896472,2183.4240374944793,4390.091365343949,63.12788377435936,43.11301298730541,246.33437727112323,7.081121040973172,7.1085988662963935,7.223552207182446,7.074885607011503,6.811883009504527,20.33033540064934,148103,146543,/model
sweep_20260814_160237,32,320,73.36604777499451,4.361690587196469,4028.8527045441233,8044.961094403782,88.10446561883509,43.13367798749823,475.21902286564,7.603648212495378,7.6680883581454715,7.847659331099682,7.597865417310372,7.073198998114094,22.027897002408288,294646,295581,/model
sweep_20260814_160237,64,640,81.2783514210023,7.874175457680656,7258.525667482402,14520.324039139405,126.42906083374328,53.26107349537779,915.0790731786401,8.321718011946974,8.407185441096066,8.884660306853746,8.318787709909573,7.2497359942644835,30.284709413535897,590227,589961,/model
sweep_20260814_160237,128,1280,105.98735194999608,12.076912730151923,11110.76914682784,22245.946866493887,201.50012111644173,68.24062101077288,1782.504589293385,10.951360434225174,11.143640480953371,11.692810679988069,10.947330032171967,8.81355901947245,56.55619699973613,1180188,1177601,/model
sweep_20260814_160237,256,2560,157.73047573599615,16.230217959177654,14962.675976139222,29910.89057447966,544.8153676736297,182.17492650728673,3565.9932804456907,16.0562174652385,16.33944581430722,17.883207957448377,16.056545106017357,12.175820011179894,138.1353314808805,2357789,2360070,/model
sweep_20260814_161953,1,10,91.14207756498945,0.10971880680325105,101.09490858851552,201.4766449328099,78.51928360178135,71.88862501061521,129.57043013331716,9.815171885328441,9.809937728351207,9.898202055650858,9.805700192424808,9.78440350445453,10.992127147910661,9149,9214,/model
sweep_20260814_161953,2,20,97.88899788199342,0.204313052873524,191.0837826999633,378.67381219578937,77.11707060079789,71.24906100216322,140.94665467273444,10.36273225158745,10.362919384633802,10.427936211733313,10.3520731273962,10.303145012585446,12.070481629343702,18363,18705,/model
sweep_20260814_161953,4,40,98.22902269999031,0.40721162544971495,373.70828896583964,751.0713022700904,78.9656105254835,72.08376699418295,148.86517902457854,10.268630452087441,10.278926137597459,10.357311260013283,10.257865798850135,10.110347007866949,12.869330992689349,37068,36709,/model
sweep_20260814_161953,8,80,104.54394321702421,0.7652284535884293,710.95462551767,1416.6578707725894,87.53574552792998,71.85817099525593,222.23883916041814,10.898188841315298,10.930599521305373,11.037387489092382,10.888598287303154,10.589059995254502,18.626202989253215,73777,74326,/model
sweep_20260814_161953,16,160,108.38373123601195,1.47623631494648,1352.0756143825126,2718.5445328357537,105.40190631145379,71.76307249756064,387.60303652641596,11.433177669503618,11.492940716684819,11.717055724404672,11.424284962414152,10.793466004543006,47.00121599948033,148103,146543,/model
sweep_20260814_161953,32,320,121.51719983998919,2.633372069315027,2432.4210925631405,4857.147801111251,132.3905853651013,72.81122449785471,753.6949924900546,12.622599918097494,12.741679495713546,13.095585838597524,12.614804806181937,11.359815980540588,50.23600001586601,294646,295581,/model
sweep_20260814_161953,64,640,143.02713501499966,4.4746753819328156,4124.818692188228,8251.497171332072,193.12397855201198,91.92783950129524,1397.7251824893756,14.762242653407773,15.001884111687334,15.604201752775468,14.757773062699787,12.3331600043457,62.862014997517704,590227,589961,/model
sweep_20260814_161953,128,1280,183.64110026499839,6.970117245828576,6412.513311566388,12839.113883535088,304.381930647196,110.32614801661111,2942.0318664764636,19.03896613347325,19.471718602267757,20.43822815155513,19.03639485102015,14.365354989422485,86.14017299260013,1180188,1177601,/model
sweep_20260814_161953,256,2560,252.6198372769868,10.133804326669207,9342.377959860232,18675.72654172471,555.4904371219095,154.47967301588506,5469.9911576806335,26.12655582288751,26.738803698452276,28.44003603457076,26.136239764905287,18.48972198786214,155.60582850070213,2357789,2360070,/model
sweep_20260814_164903,1,10,200.0752207590267,0.04998120188028749,46.05267941249689,91.78048101277192,230.4452138952911,224.92752999824006,273.83496133668814,21.486479175930107,21.47776901175074,21.558900806035197,21.463384939115333,21.483592005097307,24.73201897373684,9149,9214,/model
sweep_20260814_164903,2,20,214.88222351999138,0.09307424165842791,87.04768451104471,172.50379948973028,278.9298535019043,251.54500899952836,446.16657269652933,22.630861559270777,22.57921275248911,22.98295372840597,22.607600121730933,22.40705201984383,26.65877728722981,18363,18705,/model
sweep_20260814_164903,4,40,238.02887904297677,0.16804683600084463,154.22078256887514,309.94978549085783,285.4740669259627,256.5472360001877,495.11897257121745,24.865678860004547,24.975216002916294,25.319203682274928,24.83981595197406,24.295470997458324,35.01960622379553,37068,36709,/model
sweep_20260814_164903,8,80,258.0439730529906,0.31002467933467914,288.03617895286703,573.9448135437998,297.1097554127482,257.51990551361814,622.8525580672431,26.872822034450394,27.020413991039213,27.75675666871159,26.85409755071085,25.46842148876749,47.81263001495972,73777,74326,/model
sweep_20260814_164903,16,160,292.5850678710267,0.5468495065870176,500.85604527363324,1007.0438732364898,356.21156291836087,261.66396850021556,1073.3801036863588,30.871160637296107,31.20646618849842,32.24045896497848,30.85251908970146,27.77235399116762,222.35175879206494,148103,146543,/model
sweep_20260814_164903,32,320,358.7094651350053,0.8920868588721614,824.0122682259137,1645.420757932494,435.1854645960884,273.9250149897998,1896.8940892111277,37.40989644333469,37.83149639763449,40.08117309142506,37.39691241972585,31.239078991347924,236.17906779400073,294647,295581,/model
sweep_20260814_164903,64,640,468.78435670700856,1.3652332695051974,1258.4912264227435,2517.5498779231248,579.6790559933925,285.59165248589125,4236.388809477212,48.85466775258647,49.910597106641625,53.09642799146985,48.857102519696795,36.85598200536333,255.2353359991686,590227,589961,/model
